id,label,role,color,date,value
b0083,"Abraham Cowley, Poems (1656)",book,#000000,1656,100
b0081,"Abraham Cowley, The mistresse, or Seuerall copies of love-verses (1647)",book,#000000,1647,100
b0082,"Abraham Cowley, The mistresse, or Severall copies of love-verses (1647)",book,#000000,1647,100
b0010,"Anonymous , Choice novels and amarous tales (1652)",book,#000000,1652,100
b0342,"Anonymous , Divine meditations written by an honourable person (1641)",book,#000000,1641,100
b0011,"António, Prior of Crato , Royall psalmes (1659)",book,#000000,1659,100
b0017,"Antony Ascham, A discourse wherein is examined, what is particularly lawfull during the confusions and revolutions of government (1648)",book,#000000,1648,100
b0337,"Arthur Lake, Ten sermons upon several occasions (1640)",book,#000000,1640,100
b0340,"Arthur Lake, Ten sermons vpon severall occasions preached at Saint Pauls Crosse (1641)",book,#000000,1641,100
b0129,"Benjamin Hinton, Eighteene choice and usefull sermons (1650)",book,#000000,1650,100
b0364,"Benjamin Parry, Chymia coelestis (1659)",book,#000000,1659,100
b0115,"Carlos Garcia, The [French-man] and the Spaniard (1642)",book,#000000,1642,100
b0174,"Christopher Lever, The historie of the defendors of the catholique faith (1627)",book,#000000,1627,100
b0373,"Claudius Hollyband, The French Littelton (1630)",book,#000000,1630,100
b0177,"David Lloyd, The legend of Captain Jones (1659)",book,#000000,1659,100
b0333,"Diego de San Pedro, A small treatise betwixt Arnalte and Lucenda entituled The evill-intreated lover (1639)",book,#000000,1639,100
b0122,"Edmund Gregory, An historical anatomy of Christian melancholy (1646)",book,#000000,1646,100
b0215,"Edmund Porter, Theos anthropophoros (1655)",book,#000000,1655,100
b0216,"Edmund Porter, Trin-unus-deus (1657)",book,#000000,1657,100
b0237,"Edmund Reeve, An introduction into the Greeke tongue in most plaine manner (1657)",book,#000000,1657,100
b0318,"Edmund Reeve, The Christian divinitie (1631)",book,#000000,1631,100
b0325,"Edmund Reeve, The Communion book catechisme  (1636)",book,#000000,1636,100
b0236,"Edmund Reeve, The rules of the Latine grammar constrved (1656)",book,#000000,1656,100
b0368,"Edmund Waller, Poems &c. (1645)",book,#000000,1645,100
b0369,"Edmund Waller, Poems &c. (1645)",book,#000000,1645,100
b0374,"Edmund Waller, Poems, &c. (1645)",book,#000000,1645,100
b0390,"Edward Benlowes, A glance at the glories of sacred friendship (1657)",book,#000000,1657,100
b0389,"Edward Benlowes, The summary of vvisedome (1657)",book,#000000,1657,100
b0032,"Edward Benlowes, Theophila, or, Loves sacrifice  (1652)",book,#000000,1652,100
b0053,"Edward Burles, Grammatica Burlesa (1652)",book,#000000,1652,100
b0361,"Edward Herbert, Expeditio in Ream insulam (1656)",book,#000000,1656,100
b0370,"Famiano Strada, De bello Belgico The history of the Low-Countrey warres (1650)",book,#000000,1650,100
b0280,"Famiano Strada, The siege of Antwerp (1656)",book,#000000,1656,100
b0068,"Francesco Carmeni, Nissena, an excellent new romance (1652)",book,#000000,1652,100
b0328,"Francis Bacon, Historie naturall and experimentall (1638)",book,#000000,1638,100
b0327,"Francis Bacon, The historie of life and death  (1638)",book,#000000,1638,100
b0020,"Francis Bacon, The naturall and experimentall history of vvinds (1653)",book,#000000,1653,100
b0026,"Francis Beaumont, Comedies and tragedies (1647)",book,#000000,1647,100
b0029,"Francis Beaumont, The scornefull lady (1651)",book,#000000,1651,100
b0030,"Francis Beaumont, The scornfull lady  (1651)",book,#000000,1651,100
b0031,"Francis Beaumont, The scornfull lady  (1651)",book,#000000,1651,100
b0027,"Francis Beaumont, The woman hater  (1648)",book,#000000,1648,100
b0028,"Francis Beaumont, The woman hater (1649)",book,#000000,1649,100
b0220,"Francis Quarles, Argalus and Parthenia  (1654)",book,#000000,1654,100
b0223,"Francis Quarles, Argalus and Parthenia  (1656)",book,#000000,1656,100
b0224,"Francis Quarles, Argalus and Parthenia (1656)",book,#000000,1656,100
b0227,"Francis Quarles, Argalus and Partheniales (1659)",book,#000000,1659,100
b0222,"Francis Quarles, Argalvs, and Parthenia  (1656)",book,#000000,1656,100
b0348,"Francis Quarles, Divine poems containing the history of Ionah, Ester, Iob, Sampson  (1642)",book,#000000,1642,100
b0221,"Francis Quarles, Enchiridion  (1654)",book,#000000,1654,100
b0225,"Francis Quarles, Enchiridion (1658)",book,#000000,1658,100
b0226,"Francis Quarles, Enchiridion (1658)",book,#000000,1658,100
b0229,"Francisco de Quintana, The history of Don Fenise a new romance (1651)",book,#000000,1651,100
b0193,"Fulgenzio Micanzio, The life of the most learned Father Paul, of the Order of the Servie (1651)",book,#000000,1651,100
b0214,"Gabriel Plattes, A discovery of subterraneal treasure (1653)",book,#000000,1653,100
b0156,"Gauthier  de Costes de La Calprenède, Cassandra the fam'd romance (1652)",book,#000000,1652,100
b0158,"Gauthier  de Costes de La Calprenède, Cassandra the fam'd romance (1652)",book,#000000,1652,100
b0164,"Gauthier  de Costes de La Calprenède, Cassandra the fam'd romance (1661)",book,#000000,1661,100
b0157,"Gauthier  de Costes de La Calprenède, Cleopatra a new romance (1652)",book,#000000,1652,100
b0161,"Gauthier  de Costes de La Calprenède, Hymen's praeludia (1659)",book,#000000,1659,100
b0162,"Gauthier  de Costes de La Calprenède, Hymen's praeludia (1659)",book,#000000,1659,100
b0163,"Gauthier  de Costes de La Calprenède, Hymen's praeludia (1659)",book,#000000,1659,100
b0159,"Gauthier de Costes de La Calprenède, Hymen's praeludia (1658)",book,#000000,1658,100
b0160,"Gauthier de Costes de La Calprenède, Hymen's preludia (1658)",book,#000000,1658,100
b0073,"George Chapman, Revenge for honour a tragedy (1659)",book,#000000,1659,100
b0072,"George Chapman, The tragedy of Alphonsus, Emperour of Germany (1654)",book,#000000,1654,100
b0049,"George Digby, Letters between the Ld George Digby, and Sr Kenelm Digby  (1651)",book,#000000,1651,100
b0296,"George Thor., Cheiragogia heliana (1659)",book,#000000,1659,100
b0317,"Gervase Markham, Markhams maister-peece (1631)",book,#000000,1631,100
b0190,"Gervase Markham, The perfect horse-man (1660)",book,#000000,1660,100
b0188,"Gervase Markham, The perfect horseman (1655)",book,#000000,1655,100
b0189,"Gervase Markham, The perfect horseman (1656)",book,#000000,1656,100
b0187,"Giovanni Battista Manzini, Manzinie his most exquisite academicall discourses (1655)",book,#000000,1655,100
b0036,"Giovanni Francesco Biondi, Coralbo a new romance in three bookes (1655)",book,#000000,1655,100
b0323,"Giovanni Francesco Biondi, Donzella desterrada (1635)",book,#000000,1635,100
b0179,"Giovanni Francesco Loredano, Dianea an excellent new romance (1654)",book,#000000,1654,100
b0180,"Giovanni Francesco Loredano, The life of Adam (1659)",book,#000000,1659,100
b0217,"Girolamo Preti, Aurora, & the prince (1647)",book,#000000,1647,100
b0355,"Grammaticus Musaeus, Musaeus, on the loves of Hero and Leander with annotations upon the originall (1647)",book,#000000,1647,100
b0033,"Guido Bentivoglio, Historicall relations of the United Provinces & of Flanders  (1652)",book,#000000,1652,100
b0034,"Guido Bentivoglio, The compleat history of the warrs of Flanders (1654)",book,#000000,1654,100
b0035,"Guido Bentivoglio, The history of the warrs of Flanders (1654)",book,#000000,1654,100
b0331,"H. L., Gratiae ludentes Iests, from the vniuersitie (1638)",book,#000000,1638,100
b0239,"H. Robinson, Scholae Wintoniensis phrases Latinae (1654)",book,#000000,1654,100
b0240,"H. Robinson, Scholae Wintoniensis phrases Latinae (1658)",book,#000000,1658,100
b0205,"Heinrich Nolle, Hermetical physick (1655)",book,#000000,1655,100
b0344,"Henry Hexham, The three parts of the principles of the art military (1641)",book,#000000,1641,100
b0104,"Henry IV Estienne, The art of making devises (1646)",book,#000000,1646,100
b0153,"Henry King, The Psalmes of David  (1651)",book,#000000,1651,100
b0155,"Henry King, The Psalmes of David  (1654)",book,#000000,1654,100
b0172,"Henry Lawes, Choice Psalmes put into musick (1648)",book,#000000,1648,100
b0304,"Henry Valentine, Private devotions digested into six letanies (1654)",book,#000000,1654,100
b0305,"Henry Vaughan, Olor Iscanus (1651)",book,#000000,1651,100
b0315,"Henry Wotton, The state of Christendom (1657)",book,#000000,1657,100
b0130,"Hippocrates , The aphorismes of Hippocrates (1655)",book,#000000,1655,100
b0301,"Honoré d'Urfé, Astrea a romance (1657)",book,#000000,1657,100
b0124,"Hugo Grotius, Politick maxims and observations  (1655)",book,#000000,1655,100
b0123,"Hugo Grotius, Politick maxims and observations (1654)",book,#000000,1654,100
b0365,"Humphrey Sydenham, Fiue sermons preached vpon seuerall occasions (1627)",book,#000000,1627,100
b0001,"Isaac Allen, Excommunicatio excommunicata (1658)",book,#000000,1658,100
b0002,"Isaac Allen, Excommunicatio excommunicata (1658)",book,#000000,1658,100
b0379,"J. G., The Academy of complements  (1650)",book,#000000,1650,100
b0332,"J. G., The Academy of complements (1639)",book,#000000,1639,100
b0343,"J. G., The Academy of complements (1641)",book,#000000,1641,100
b0114,"Jacques Gaffarel, Vnheard-of curiosities concerning the talismanical sculpture of the Persians (1650)",book,#000000,1650,100
b0144,"James Howell, A fourth volume of familiar letters (1655)",book,#000000,1655,100
b0142,"James Howell, A German diet, or, The ballance of Europe (1653)",book,#000000,1653,100
b0136,"James Howell, A new volume of letters partly. philosophicall, politicall, historicall: / by Iames Howell Esq. (1647)",book,#000000,1647,100
b0141,"James Howell, Ah, ha, tumulus, thalamus two counter-poems (1653)",book,#000000,1653,100
b0354,"James Howell, Angliae suspiria, & lachrymae (1646)",book,#000000,1646,100
b0338,"James Howell, Dendrologia Dodona's grove (1640)",book,#000000,1640,100
b0131,"James Howell, Dendrologia Dodona's grove (1645)",book,#000000,1645,100
b0138,"James Howell, Dendrologia Dodona's grove (1649)",book,#000000,1649,100
b0139,"James Howell, Dendrologia Dodona's grove (1650)",book,#000000,1650,100
b0378,"James Howell, Epistolae Ho-elianae  (1650)",book,#000000,1650,100
b0384,"James Howell, Epistolae Ho-elianae  (1655)",book,#000000,1655,100
b0134,"James Howell, Epistolae Ho-Elianae (1645)",book,#000000,1645,100
b0385,"James Howell, Epistolae Ho-Elianae (1655)",book,#000000,1655,100
b0140,"James Howell, Instructions and directions for forren travell (1650)",book,#000000,1650,100
b0350,"James Howell, Instructions for forreine travell (1642)",book,#000000,1642,100
b0135,"James Howell, Lustra Ludovici (1646)",book,#000000,1646,100
b0137,"James Howell, The pre-eminance and pedigree of Parlement (1649)",book,#000000,1649,100
b0132,"James Howell, The pre-eminence and pedigree of Parlement (1645)",book,#000000,1645,100
b0133,"James Howell, The pre-eminence and pedigree of Parlement (1645)",book,#000000,1645,100
b0349,"James Howell, The vote, or, A poeme royall (1642)",book,#000000,1642,100
b0256,"James Shirley, Narcissus, or, The self-lover (1646)",book,#000000,1646,100
b0258,"James Shirley, Poems, &c. (1646)",book,#000000,1646,100
b0265,"James Shirley, Six new playes (1653)",book,#000000,1653,100
b0261,"James Shirley, The brothers, a comedie (1652)",book,#000000,1652,100
b0260,"James Shirley, The cardinal, a tragedie, as it was acted at the private house in Black Fryers (1652)",book,#000000,1652,100
b0267,"James Shirley, The court secret, a tragi-comedy (1653)",book,#000000,1653,100
b0262,"James Shirley, The doubtful heir. A tragi-comedie (1652)",book,#000000,1652,100
b0269,"James Shirley, The gentleman of Venice a tragi-comedie (1655)",book,#000000,1655,100
b0270,"James Shirley, The gentleman of Venice a tragi-comedie (1655)",book,#000000,1655,100
b0263,"James Shirley, The imposture a tragi-comedie (1652)",book,#000000,1652,100
b0268,"James Shirley, The politician (1655)",book,#000000,1655,100
b0271,"James Shirley, The polititian, a tragedy (1655)",book,#000000,1655,100
b0264,"James Shirley, The sisters, a comedie (1652)",book,#000000,1652,100
b0259,"James Shirley, The triumph of beautie As it was personated by some young gentlemen, for whom it was intended, at a private recreation (1646)",book,#000000,1646,100
b0253,"Jean-François Senault, The use of passions (1649)",book,#000000,1649,100
b0057,"Jean-Pierre Camus, Elise, or, Innocencie guilty a new romance (1655)",book,#000000,1655,100
b0169,"Jean-Puget de la Serre, The secretary in fashion (1654)",book,#000000,1654,100
b0171,"Jean-Puget de la Serre, The secretary in fashion (1658)",book,#000000,1658,100
b0055,"Johann Buxtorf, A short introduction to the Hebrew tongve (1655)",book,#000000,1655,100
b0016,"John Arrowsmith, Theanthropos; or, God-man (1660)",book,#000000,1660,100
b0037,"John Bird, Grovnds of grammer (1641)",book,#000000,1641,100
b0048,"John Borough, The soveraignty of the British seas proved by records, history, and the municipall lawes of this kingdome (1651)",book,#000000,1651,100
b0146,"John Bulwer, Pathomyotamia, or, A dissection of the significative muscles of the affections of the minde (1649)",book,#000000,1649,100
b0145,"John Bulwer, Philocophus, or, The deafe and dumbe mans friend  (1648)",book,#000000,1648,100
b0076,"John Collop, Medici Catholicon (1655)",book,#000000,1655,100
b0075,"John Collop, Poesis rediviva (1655)",book,#000000,1655,100
b0079,"John Cotgrave, The English treasury of wit and language (1655)",book,#000000,1655,100
b0091,"John Davis, Psalmos theios, or a Divine psalme (1652)",book,#000000,1652,100
b0351,"John Dawson, XVIII choice sermons preached upon the incarnation and nativity of our Blessed Lord and Saviour Iesus Christ (1642)",book,#000000,1642,100
b0094,"John Denham, Coopers hill (1653)",book,#000000,1653,100
b0095,"John Denham, Coopers Hill (1655)",book,#000000,1655,100
b0093,"John Denham, Coopers hill a poeme (1650)",book,#000000,1650,100
b0098,"John Donne, Biathanatos (1648)",book,#000000,1648,100
b0380,"John Donne, Paradoxes, problemes, essayes, characters  (1652)",book,#000000,1652,100
b0100,"John Donne, Paradoxes, problemes, essayes, characters (1652)",book,#000000,1652,100
b0101,"John Donne, Paradoxes, problemes, essayes, characters (1652)",book,#000000,1652,100
b0321,"John Donne, Six sermons upon severall occasions preached before the King (1634)",book,#000000,1634,100
b0110,"John Fletcher, The elder brother a comedie (1650)",book,#000000,1650,100
b0111,"John Fletcher, The elder brother a comedie (1651)",book,#000000,1651,100
b0376,"John Fletcher, The tragedy of Thierry, King of France, and his brother Theodoret (1648)",book,#000000,1648,100
b0109,"John Fletcher, The tragedy of Thierry, King of France, and his brother Theodoret (1649)",book,#000000,1649,100
b0112,"John Fletcher, The wild-goose chase a comedie (1652)",book,#000000,1652,100
b0362,"John Gamble, Ayres and dialogues (1657)",book,#000000,1657,100
b0198,"John Milton, Poems of Mr. John Milton (1645)",book,#000000,1645,100
b0210,"John Philipot, A perfect collection or cataloge of all knights batchelaurs made by King James since his coming to the crown of England (1660)",book,#000000,1660,100
b0228,"John Quarles, Gods love and mans unworthiness (1651)",book,#000000,1651,100
b0234,"John Raymond, An itinerary contayning a voyage (1648)",book,#000000,1648,100
b0283,"John Suckling, Aglaura presented at the Private House in Black- Fryers (1646)",book,#000000,1646,100
b0285,"John Suckling, Aglaura presented at the Private House in Black- Fryers (1646)",book,#000000,1646,100
b0281,"John Suckling, Brennoralt a tragedying (1646)",book,#000000,1646,100
b0284,"John Suckling, Fragmenta aurea (1646)",book,#000000,1646,100
b0286,"John Suckling, Fragmenta aurea (1646)",book,#000000,1646,100
b0287,"John Suckling, Fragmenta aurea (1646)",book,#000000,1646,100
b0290,"John Suckling, Fragmenta aurea (1658)",book,#000000,1658,100
b0288,"John Suckling, Fragmenta avrea (1648)",book,#000000,1648,100
b0282,"John Suckling, The goblins a comedy (1646)",book,#000000,1646,100
b0291,"John Suckling, The last remains of Sr John Suckling (1659)",book,#000000,1659,100
b0312,"John Webster, Appius and Virginia a tragedy (1659)",book,#000000,1659,100
b0148,"Joseph ben Gorion, The vvonderful, and most deplorable history of the latter times of the Jews and of the city of Hierusalem (1652)",book,#000000,1652,100
b0358,"Joseph Hall, Resolutions and decisions of divers practicall cases of conscience in continuall use amongst men (1649)",book,#000000,1649,100
b0272,"Josias Shute, Sarah and Hagar, or, Genesis the sixteenth chapter opened in XIX sermons (1649)",book,#000000,1649,100
b0320,"Juan de Santa María, Policie vnveiled (1634)",book,#000000,1634,100
b0326,"Juan de Santa María, Policie vnveiled (1637)",book,#000000,1637,100
b0150,"Juan de Santa Maria, Policy vnveiled (1650)",book,#000000,1650,100
b0219,"Juan Pérez de Montalbán, Aurora Ismenia and the prince (1650)",book,#000000,1650,100
b0383,"JuanEusebio Nieremberg, Flores solitudinis certaine rare and elegant pieces (1654)",book,#000000,1654,100
b0176,"Justus Lipsius, A discourse of constancy  (1654)",book,#000000,1654,100
b0152,"Juvenal , Juvenal's sixteen satyrs (1647)",book,#000000,1647,100
b0151,"Juvenal , The satyrs of Juvenal  (1646)",book,#000000,1646,100
b0209,"King Philip IV of Spain , Royall and gracious priviledges (1645)",book,#000000,1645,100
b0273,"King Philip IV of Spain , Royall and graciovs priviledges (1645)",book,#000000,1645,100
b0005,"Lancelot Andrewes, A manual of directions for the sick (1648)",book,#000000,1648,100
b0007,"Lancelot Andrewes, A manual of directions for the sick With many sweet meditations and devotions of the R. Reverend Father in God, Lancelot Andrews (1655)",book,#000000,1655,100
b0006,"Lancelot Andrewes, A manual of the private devotions and meditations of The Right Reverend Father in God Lancelot Andrews (1648)",book,#000000,1648,100
b0008,"Lancelot Andrewes, Apospasmatia sacra (1657)",book,#000000,1657,100
b0004,"Lancelot Andrewes, The private devotions of the Right Reverend Father in God Lancelot Andrewes (1647)",book,#000000,1647,100
b0173,"Levinus Lemnius, The secret miracles of nature in four books (1658)",book,#000000,1658,100
b0067,"Lodowick Carlell, The deserving favorite a tragi-comedy (1659)",book,#000000,1659,100
b0065,"Lodowick Carlell, The famous tragedy of Osmond the great Turk (1657)",book,#000000,1657,100
b0064,"Lodowick Carlell, The fool would be a favourit, or, The discreet lover a trage-comedy (1657)",book,#000000,1657,100
b0061,"Lodowick Carlell, The passionate lovers a tragi-comedy (1655)",book,#000000,1655,100
b0062,"Lodowick Carlell, The passionate lovers, a tragi-comedy (1655)",book,#000000,1655,100
b0066,"Lodowick Carlell, Two new playes (1657)",book,#000000,1657,100
b0019,"Luca Assarino, La stratonica (1651)",book,#000000,1651,100
b0255,"Lucius Annaeus Seneca, Medea a tragedie (1648)",book,#000000,1648,100
b0254,"Lucius Annaeus Seneca, Seneca's answer to Lucilius his quaere why good men suffer misfortunes seeing there is a divine providence? (1648)",book,#000000,1648,100
b0058,"Luís de Camões, The Lusiad, or, Portugals historicall poem (1655)",book,#000000,1655,100
b0371,"M. de Vaumorière, The grand Scipio an excellent new romance (1660)",book,#000000,1660,100
b0246,"Maciej Kazimierz Sarbiewski, The odes of Casimire (1646)",book,#000000,1646,100
b0251,"Madeleine de Scudéry, Artamenes, or, The Grand Cyrus an excellent new romance (1653)",book,#000000,1653,100
b0252,"Madeleine de Scudéry, Clelia an excellent new romance dedicated to Mademoiselle de Longueville (1655)",book,#000000,1655,100
b0387,"Madeleine de Scudéry, Clelia. an excellent new romance (1656)",book,#000000,1656,100
b0248,"Madeleine de Scudéry, Curia politiae (1654)",book,#000000,1654,100
b0249,"Madeleine de Scudéry, Ibrahim, or, The illustrious bassa an excellent new romance (1652)",book,#000000,1652,100
b0250,"Madeleine de Scudéry, The history of Philoxypes and Polycrite (1652)",book,#000000,1652,100
b0391,"Magnus Olaus, A compendious history of the Goths, Svvedes, & Vandals, and other northern nations (1658)",book,#000000,1658,100
b0022,"Mantuanus Baptista, The bucolicks of Baptist Mantuan in ten eclogues (1655)",book,#000000,1655,100
b0168,"Marin Cureau de la Chambre, A discourse of the knowledg of beasts (1658)",book,#000000,1658,100
b0182,"Michael Maier, Lusus serius, or, Serious passe-time (1654)",book,#000000,1654,100
b0294,"Michael Thomas, The saints expectation and reward (1655)",book,#000000,1655,100
b0295,"Michael Thomas, Two assize sermons preached at Bridgnorth (1659)",book,#000000,1659,100
b0202,"Musophilus , The Card of courtship (1653)",book,#000000,1653,100
b0203,"N. N., The scarlet gown or the history of all the present cardinals of Rome (1653)",book,#000000,1653,100
b0204,"N. N., The scarlet gown: or the history of all the present cardinals of Rome (1660)",book,#000000,1660,100
b0313,"Nathaniel Whiting, Le hore di recreatione: or, The pleasant historie of Albino and Bellama (1637)",book,#000000,1637,100
b0341,"Nicholas Darton, The true and absolute bishop with the converts returne unto him (1641)",book,#000000,1641,100
b0360,"Nicholas Mosley, Psychosophia or, Natural & divine contemplations of the passions & faculties of the soul of man (1653)",book,#000000,1653,100
b0201,"Nicholas Murford, Fragmenta poetica (1650)",book,#000000,1650,100
b0322,"Nicolas Hunt, The nevv-borne Christian (1634)",book,#000000,1634,100
b0208,"Paolo Paruta, Politick discourses (1657)",book,#000000,1657,100
b0334,"Paolo Sarpi, The history of the Inquisition (1639)",book,#000000,1639,100
b0247,"Paolo Sarpi, The history of the Inquisition (1655)",book,#000000,1655,100
b0102,"Peter Du Moulin, A week of soliloquies and prayers (1657)",book,#000000,1657,100
b0103,"Peter Du Moulin, Of peace and contentment of minde (1657)",book,#000000,1657,100
b0128,"Peter Heylyn, The parable of the tares expounded & applyed (1659)",book,#000000,1659,100
b0191,"Philip Massinger, Three new playes (1655)",book,#000000,1655,100
b0372,"Philomusus , The academy of complements  (1640)",book,#000000,1640,100
b0353,"Philomusus , The academy of complements  (1645)",book,#000000,1645,100
b0211,"Philomusus , The academy of complements  (1650)",book,#000000,1650,100
b0212,"Philomusus , The academy of complements  (1658)",book,#000000,1658,100
b0336,"Philomusus , The academy of complements (1640)",book,#000000,1640,100
b0375,"Philomusus , The academy of complements (1646)",book,#000000,1646,100
b0213,"Philomusus , The Marrovv of complements (1654)",book,#000000,1654,100
b0078,"Pierre Corneille, The Cid a tragicomedy, out of French made English, and acted before Their Majesties at court, and on the Cock-pit stage in Dru (1650)",book,#000000,1650,100
b0117,"Pierre Gassendi, The mirrour of true nobility and gentility  (1657)",book,#000000,1657,100
b0118,"Pierre Gassendi, The vanity of judiciary astrology (1659)",book,#000000,1659,100
b0218,"Procopius , The history of the warres of the Emperour Justinian in eight books (1653)",book,#000000,1653,100
b0339,"Ralph Maddison, Englands looking in and out (1640)",book,#000000,1640,100
b0345,"Ralph Maddison, Englands looking in and out (1641)",book,#000000,1641,100
b0181,"Ralph Maddison, Great Britains remembrancer (1654)",book,#000000,1654,100
b0298,"Raphael Thorius, Cheimonopegnion, or, A winter song (1651)",book,#000000,1651,100
b0299,"Raphael Thorius, Hymnus tabaci a poem in honour of tabaco (1651)",book,#000000,1651,100
b0297,"Raphael Thorius, Hymnus tabaci autore Raphaele Thorio (1651)",book,#000000,1651,100
b0096,"René Descartes, Renatus Des-Cartes excellent compendium of musick (1653)",book,#000000,1653,100
b0051,"Richard Brome, Five new playes (1653)",book,#000000,1653,100
b0084,"Richard Crashaw, Steps to the temple (1646)",book,#000000,1646,100
b0086,"Richard Crashaw, Steps to the temple (1648)",book,#000000,1648,100
b0087,"Richard Crashaw, The delights of the muses (1648)",book,#000000,1648,100
b0393,"Richard Fanshaw, Il pastor fido (1648)",book,#000000,1648,100
b0116,"Richard Gardiner, Richardi Gardiner Ex aedis Christi Oxon (1653)",book,#000000,1653,100
b0175,"Richard Ligon, A true & exact history of the island of Barbados (1657)",book,#000000,1657,100
b0388,"Richard Rawlyns, Practical arithmetick in [brace] whole numbers (1656)",book,#000000,1656,100
b0329,"Richard Sibbes, Yea and amen: or, pretious promises, and priviledges (1638)",book,#000000,1638,100
b0314,"Richard Whitlock, Zootomia, or, Observations of the present manners of the English (1654)",book,#000000,1654,100
b0366,"Richard Zouch, The sophister A comedy (1639)",book,#000000,1639,100
b0013,"Robert Arnauld d’Andilly, The manner of ordering fruit-trees  (1660)",book,#000000,1660,100
b0024,"Robert Baron, Mirza a tragedie, really acted in Persia, in the last age (1647)",book,#000000,1647,100
b0025,"Robert Baron, Mirza. a tragedie, really acted in Persia, in the last age (1655)",book,#000000,1655,100
b0107,"Robert Filmer, Quaestio quodlibetica, or a discourse, whether it may bee lawfull to take use for money (1652)",book,#000000,1652,100
b0108,"Robert Filmer, Quaestio quodlibetica, or, A discourse whether it may bee lawfull to take use for money (1653)",book,#000000,1653,100
b0113,"Robert Fludd, Mosaicall philosophy grounded upon the essentiall truth, or eternal sapience (1659)",book,#000000,1659,100
b0121,"Robert Gentili, Le chemin abregé (1654)",book,#000000,1654,100
b0126,"Robert Heath, Clarastella together with poems occasional, elegies, epigrams, satyrs (1650)",book,#000000,1650,100
b0147,"Robert Jager, Artificial arithmetick in decimals (1651)",book,#000000,1651,100
b0200,"Robert Mossom, Sion's prospect in it's first view (1652)",book,#000000,1652,100
b0243,"Robert Sanderson, De juramento seven lectures concerning the obligation of promissory oathes (1655)",book,#000000,1655,100
b0206,"Roger Boyle, Parthenissa, a romance  (1655)",book,#000000,1655,100
b0207,"Roger Boyle, Parthenissa. a romance (1655)",book,#000000,1655,100
b0367,"saac Wake, Divine meditations (1641)",book,#000000,1641,100
b0392,"Samuel Lee, Orbis miraculum, or, The temple of Solomon (1659)",book,#000000,1659,100
b0192,"Scipione Mazzella, Parthenopoeia (1654)",book,#000000,1654,100
b0293,"Theocritus , Evropa (1649)",book,#000000,1649,100
b0023,"Thomas Barker, Barker's delight: or, The art of angling (1659)",book,#000000,1659,100
b0041,"Thomas Blount, Glossographia (1656)",book,#000000,1656,100
b0043,"Thomas Blount, Glossographia (1659)",book,#000000,1659,100
b0044,"Thomas Blount, Glossographia (1661)",book,#000000,1661,100
b0038,"Thomas Blount, The academie of eloquence (1654)",book,#000000,1654,100
b0040,"Thomas Blount, The academy of eloquence (1656)",book,#000000,1656,100
b0060,"Thomas Carew, Poems with a maske (1651)",book,#000000,1651,100
b0092,"Thomas De Grey, The compleat horse-man (1656)",book,#000000,1656,100
b0105,"Thomas Fettiplace, The sinner's tears, in meditations and prayers (1653)",book,#000000,1653,100
b0347,"Thomas Gage, The tyranny of Satan discovered by the teares of a converted sinner (1642)",book,#000000,1642,100
b0292,"Thomas May, The life of a satyrical pvppy ()",book,#000000,1657,100
b0381,"Thomas May, Two tragedies viz. Cleopatra, Queene of AEgypt, and Agrippina, Empress of Rome (1654)",book,#000000,1654,100
b0196,"Thomas Middleton, No wit, [no] help like a womans a comedy (1657)",book,#000000,1657,100
b0195,"Thomas Middleton, The changeling (1653)",book,#000000,1653,100
b0194,"Thomas Middleton, The widdow a comedie (1652)",book,#000000,1652,100
b0197,"Thomas Middleton, Two new playes (1657)",book,#000000,1657,100
b0330,"Thomas More, Epigrammata Thomae Mori Angli (1638)",book,#000000,1638,100
b0238,"Thomas Reeve, Lazarus his rest preached in a sermon at the funerall of Mr. Ephraim Udall (1647)",book,#000000,1647,100
b0275,"Thomas Stanley, Poems  (1652)",book,#000000,1652,100
b0276,"Thomas Stanley, The history of philosophy  (1655)",book,#000000,1655,100
b0277,"Thomas Stanley, The history of philosophy (1656)",book,#000000,1656,100
b0278,"Thomas Stanley, The history of philosophy (1656)",book,#000000,1656,100
b0279,"Thomas Stanley, The history of philosophy (1660)",book,#000000,1660,100
b0306,"Thomas Vaughan, Euphrates, or The waters of the east (1655)",book,#000000,1655,100
b0310,"Thomas Washbourne, Divine poems (1654)",book,#000000,1654,100
b0046,"Traiano Boccalini, I ragguagli di Parnasso, or, Advertisements from Parnassus in two centuries (1656)",book,#000000,1656,100
b0047,"Traiano Boccalini, I raggvagli di Parnasso, or, Advertisements from Parnassus in two centuries (1657)",book,#000000,1657,100
b0307,"Virgil , The destruction of Troy (1656)",book,#000000,1656,100
b0309,"Virgil , The passion of Dido for AEneas (1658)",book,#000000,1658,100
b0185,"Virgilio Malvezzi, Considerations upon the lives of Alcibiades and Coriolanus (1650)",book,#000000,1650,100
b0377,"Virgilio Malvezzi, Il Davide perseguitato David persecuted (1648)",book,#000000,1648,100
b0186,"Virgilio Malvezzi, Il Davide perseguitato David persecuted (1650)",book,#000000,1650,100
b0184,"Virgilio Malvezzi, Romvlvs ; and, Tarqvin (1648)",book,#000000,1648,100
b0183,"Virgilio Malvezzi, The chiefe events of the monarchie of Spaine (1647)",book,#000000,1647,100
b0232,"Walter Raleigh, A discovrse of the originall and fundamentall cause of naturall, customary, arbitrary, voluntary and necessary warre with the mystery of invasive warre (1650)",book,#000000,1650,100
b0233,"Walter Raleigh, Excellent observations and notes (1650)",book,#000000,1650,100
b0230,"Walter Raleigh, Judicious and select essayes and observations by that renowned and learned knight, Sir Walter Raleigh (1650)",book,#000000,1650,100
b0231,"Walter Raleigh, Sir Walter Rawleigh his apologie for his voyage to Guiana (1650)",book,#000000,1650,100
b0071,"William Cartwright, Comedies, tragi-comedies, with other poems (1651)",book,#000000,1651,100
b0069,"William Cartwright, The lady-errant a tragi-comedy (1651)",book,#000000,1651,100
b0070,"William Cartwright, The ordinary a comedy (1651)",book,#000000,1651,100
b0089,"William D'Avenant, Love and honour (1649)",book,#000000,1649,100
b0088,"William D'Avenant, Madagascar vvith other poems (1648)",book,#000000,1648,100
b0090,"William D'Avenant, The unfortunate lovers a tragedy (1649)",book,#000000,1649,100
b0120,"William Gay, XI choice sermons preached upon severall occasions (1655)",book,#000000,1655,100
b0319,"William Lithgow, The totall discourse, of the rare aduentures, and painefull peregrinations of long nineteene yeares trauayles, from Scotland, to the most famous kingdomes in Europe, Asia, and Affrica (1632)",book,#000000,1632,100
b0245,"William Sanderson, A compleat history of the life and raigne of King Charles from his cradle to his grave (1658)",book,#000000,1658,100
b0244,"William Sanderson, A compleat history of the lives and reigns of, Mary Queen of Scotland, and of her son and successor, James the Sixth, King of Scotland (1656)",book,#000000,1656,100
b0316,"William Sclater, A key to the key of Scripture (1629)",book,#000000,1629,100
b0386,"William Towers, A sermon against murder (1655)",book,#000000,1655,100
b0300,"William Towers, Atheismus vapulans (1654)",book,#000000,1654,100
b0382,"William Towers, Polytheismus vapulans, or, There is but one God (1654)",book,#000000,1654,100
p0603,Abbot of Dorak,dedicatee,#5D2D74,1626,10
p0536,Adam Lawrence,dedicatee,#5D2D74,1626,10
p0308,Alicia Lea,dedicatee,#5D2D74,1626,10
p0497,Ann Lumley,dedicatee,#5D2D74,1626,10
p0413,Anne Ingoldsby,dedicatee,#5D2D74,1626,10
p0458,Anne Lucas,dedicatee,#5D2D74,1626,10
p0425,Anne Spencer,dedicatee,#5D2D74,1626,10
p0160,Anne Wentworth,dedicatee,#5D2D74,1626,10
p0249,Arabella Wentworth,dedicatee,#5D2D74,1626,10
p0223,Bernardo Hyde,dedicatee,#5D2D74,1626,10
p0602,Bishop of Nantes,dedicatee,#5D2D74,1626,10
p0450,Brian Duppa,dedicatee,#5D2D74,1626,10
p0588,Bulstrode Whitlock,dedicatee,#5D2D74,1626,10
p0437,Calista,dedicatee,#5D2D74,1626,10
p0162,Carew Ralegh,dedicatee,#5D2D74,1626,10
p0438,Cary Dillon,dedicatee,#5D2D74,1626,10
p0439,Caryll Molyneux,dedicatee,#5D2D74,1626,10
p0594,Charles Egerton,dedicatee,#5D2D74,1626,10
p0313,Constance Enyon,dedicatee,#5D2D74,1626,10
p0275,Constatine Hugein,dedicatee,#5D2D74,1626,10
p0441,Dominico de Molino,dedicatee,#5D2D74,1626,10
p0442,Dorothy Heale,dedicatee,#5D2D74,1626,10
p0500,Dudley Carleton,dedicatee,#5D2D74,1626,10
p0276,Edmund Bowier,dedicatee,#5D2D74,1626,10
p0317,Edmund Waring,dedicatee,#5D2D74,1626,10
p0163,Edward Bysshe,dedicatee,#5D2D74,1626,10
p0237,Edward Gostwick,dedicatee,#5D2D74,1626,10
p0319,Edward Montague,dedicatee,#5D2D74,1626,10
p0523,Edward Mosely,dedicatee,#5D2D74,1626,10
p0427,Edward Nicholas,dedicatee,#5D2D74,1626,10
p0165,Edward Sackville,dedicatee,#5D2D74,1626,10
p0322,Eliabeth Percy,dedicatee,#5D2D74,1626,10
p0606,"Elizabeth, Countess of Corke",dedicatee,#5D2D74,1626,10
p0396,Frances Cranfield,dedicatee,#5D2D74,1626,10
p0270,Francis Newport,dedicatee,#5D2D74,1626,10
p0247,Francis Philips,dedicatee,#5D2D74,1626,10
p0326,Françoise de Lorraine,dedicatee,#5D2D74,1626,10
p0582,George Villers,dedicatee,#5D2D74,1626,10
p0585,God,dedicatee,#5D2D74,1626,10
p8004,group of people,dedicatee,#5D2D74,1626,10
p0393,Help Fox,dedicatee,#5D2D74,1626,10
p0580,Henry Danvers,dedicatee,#5D2D74,1626,10
p0335,Henry Frederick Thinne,dedicatee,#5D2D74,1626,10
p0504,Henry Hawley,dedicatee,#5D2D74,1626,10
p0209,Henry Pierrepont,dedicatee,#5D2D74,1626,10
p0338,Henry Rich,dedicatee,#5D2D74,1626,10
p0493,Humphrey Tracy,dedicatee,#5D2D74,1626,10
p0214,Inconstanza Bellarizza,dedicatee,#5D2D74,1626,10
p0556,Isaac Pennington,dedicatee,#5D2D74,1626,10
p0339,James Hamilton,dedicatee,#5D2D74,1626,10
p0281,James Hay,dedicatee,#5D2D74,1626,10
p0579,James Webb,dedicatee,#5D2D74,1626,10
p0578,Jane Phillips,dedicatee,#5D2D74,1626,10
p0244,Jesus Christ,dedicatee,#5D2D74,1626,10
p0392,John Clarke,dedicatee,#5D2D74,1626,10
p0166,John Egerton,dedicatee,#5D2D74,1626,10
p0415,John Holles,dedicatee,#5D2D74,1626,10
p0453,John Lewis de FAucon,dedicatee,#5D2D74,1626,10
p0220,John Lord Viscount Bracly,dedicatee,#5D2D74,1626,10
p0213,John Lovelace,dedicatee,#5D2D74,1626,10
p0348,John Manners,dedicatee,#5D2D74,1626,10
p0349,John Marsham,dedicatee,#5D2D74,1626,10
p0356,John Selden,dedicatee,#5D2D74,1626,10
p0515,John Simmes,dedicatee,#5D2D74,1626,10
p0182,Katherine Howard,dedicatee,#5D2D74,1626,10
p0519,Katherine Philips,dedicatee,#5D2D74,1626,10
p0359,Kildare Digby,dedicatee,#5D2D74,1626,10
p0146,King Charles I,dedicatee,#5D2D74,1626,10
p0311,King Charles II,dedicatee,#5D2D74,1626,10
p0360,King James I,dedicatee,#5D2D74,1626,10
p0361,Lady Southcot,dedicatee,#5D2D74,1626,10
p0601,Lady Tracy,dedicatee,#5D2D74,1626,10
p0363,Lawrence Bathurst,dedicatee,#5D2D74,1626,10
p0489,Ludovic Valesius,dedicatee,#5D2D74,1626,10
p0466,M. Hobson,dedicatee,#5D2D74,1626,10
p0467,M. Nichol,dedicatee,#5D2D74,1626,10
p0365,Margaret Parston,dedicatee,#5D2D74,1626,10
p0366,Marmaduke Lloyd,dedicatee,#5D2D74,1626,10
p0574,Martha Cary,dedicatee,#5D2D74,1626,10
p0368,Mary Cokaine,dedicatee,#5D2D74,1626,10
p0289,Mary Sickelmor,dedicatee,#5D2D74,1626,10
p0369,Mary St. Quintin,dedicatee,#5D2D74,1626,10
p0290,Mary Stewart,dedicatee,#5D2D74,1626,10
p0492,Mary Tracy,dedicatee,#5D2D74,1626,10
p0468,Mr. Ailee,dedicatee,#5D2D74,1626,10
p0469,Mr. Freswallan,dedicatee,#5D2D74,1626,10
p0487,Mr. Watson,dedicatee,#5D2D74,1626,10
p0371,Nicholas Love,dedicatee,#5D2D74,1626,10
p0149,Paul Pindar,dedicatee,#5D2D74,1626,10
p0414,Peter Eissingh,dedicatee,#5D2D74,1626,10
p0170,Philip Herbert,dedicatee,#5D2D74,1626,10
p0479,Pietro Michelle,dedicatee,#5D2D74,1626,10
p0150,Queen Henrietta Maria,dedicatee,#5D2D74,1626,10
p0373,Richard Boyle,dedicatee,#5D2D74,1626,10
p0292,Richard Kemble,dedicatee,#5D2D74,1626,10
p0553,Richard Warre,dedicatee,#5D2D74,1626,10
p0293,Robert Bolles,dedicatee,#5D2D74,1626,10
p0520,Robert Booth,dedicatee,#5D2D74,1626,10
p0521,Robert Dormer,dedicatee,#5D2D74,1626,10
p0431,Robert Wallop,dedicatee,#5D2D74,1626,10
p0583,Robert Wright,dedicatee,#5D2D74,1626,10
p0522,Roger Warre,dedicatee,#5D2D74,1626,10
p0234,Rupert of the Rhine,dedicatee,#5D2D74,1626,10
p0559,Samuel Owfield,dedicatee,#5D2D74,1626,10
p0421,Thomas Berney,dedicatee,#5D2D74,1626,10
p0243,Thomas Bulwer,dedicatee,#5D2D74,1626,10
p0398,Thomas Cary,dedicatee,#5D2D74,1626,10
p0430,Thomas Coventry,dedicatee,#5D2D74,1626,10
p0434,Thomas Hussey,dedicatee,#5D2D74,1626,10
p0410,Thomas Nightingale,dedicatee,#5D2D74,1626,10
p0581,Thomas of Savoy,dedicatee,#5D2D74,1626,10
p0245,Thomas Vinar,dedicatee,#5D2D74,1626,10
p0567,Thomas Warre,dedicatee,#5D2D74,1626,10
p0416,Thomas Wriothesley,dedicatee,#5D2D74,1626,10
p8001,unidentified dedicatee (1),dedicatee,#5D2D74,1626,10
p8002,unidentified dedicatee (2),dedicatee,#5D2D74,1626,10
p8003,unidentified dedicatee (3),dedicatee,#5D2D74,1626,10
p8004,unidentified dedicatee (4),dedicatee,#5D2D74,1626,10
p8005,unidentified dedicatee (5),dedicatee,#5D2D74,1626,10
p8006,unidentified dedicatee (6),dedicatee,#5D2D74,1626,10
p0495,Urania,dedicatee,#5D2D74,1626,10
p0409,Walter Moyle,dedicatee,#5D2D74,1626,10
p0429,William Englebert,dedicatee,#5D2D74,1626,10
p0577,William Fiennes,dedicatee,#5D2D74,1626,10
p0531,William Glynne,dedicatee,#5D2D74,1626,10
p0238,William Gostwick,dedicatee,#5D2D74,1626,10
p0598,William Herbert,dedicatee,#5D2D74,1626,10
p0302,William Paulet,dedicatee,#5D2D74,1626,10
p0151,William Spring,dedicatee,#5D2D74,1626,10
p0390,William Wentworth,dedicatee,#5D2D74,1626,10
p0304,Abraham Bosse,engraver,#E5986C,1626,10
p0219,Cornelius van Dalen,engraver,#E5986C,1626,10
p0266,Francis Barlow,engraver,#E5986C,1626,10
p0212,Friedrich van Hulsen,engraver,#E5986C,1626,10
p0539,Matthäus Merian,engraver,#E5986C,1626,10
p0404,Peter Stent,engraver,#E5986C,1626,10
p0372,Pierre Lombart,engraver,#E5986C,1626,10
p0549,Renold Elstrak,engraver,#E5986C,1626,10
p0550,Richard Gaywood,engraver,#E5986C,1626,10
p0256,Robert Vaughan,engraver,#E5986C,1626,10
p0297,Thomas Cecil,engraver,#E5986C,1626,10
p0211,Thomas Cross,engraver,#E5986C,1626,10
p0607,Thomas Rawlins,engraver,#E5986C,1626,10
p8007,unidentified engraver (1),engraver,#E5986C,1626,10
p8008,unidentified engraver (2),engraver,#E5986C,1626,10
p8009,unidentified engraver (3),engraver,#E5986C,1626,10
p8010,unidentified engraver (4),engraver,#E5986C,1626,10
p8011,unidentified engraver (5),engraver,#E5986C,1626,10
p8012,unidentified engraver (6),engraver,#E5986C,1626,10
p8013,unidentified engraver (7),engraver,#E5986C,1626,10
p8014,unidentified engraver (8),engraver,#E5986C,1626,10
p8015,unidentified engraver (9),engraver,#E5986C,1626,10
p8016,unidentified engraver (10),engraver,#E5986C,1626,10
p8017,unidentified engraver (11),engraver,#E5986C,1626,10
p8018,unidentified engraver (12),engraver,#E5986C,1626,10
p8019,unidentified engraver (13),engraver,#E5986C,1626,10
p8020,unidentified engraver (14),engraver,#E5986C,1626,10
p8021,unidentified engraver (15),engraver,#E5986C,1626,10
p8022,unidentified engraver (16),engraver,#E5986C,1626,10
p8023,unidentified engraver (17),engraver,#E5986C,1626,10
p8024,unidentified engraver (18),engraver,#E5986C,1626,10
p8025,unidentified engraver (19),engraver,#E5986C,1626,10
p8026,unidentified engraver (20),engraver,#E5986C,1626,10
p8027,unidentified engraver (21),engraver,#E5986C,1626,10
p8028,unidentified engraver (22),engraver,#E5986C,1626,10
p8029,unidentified engraver (23),engraver,#E5986C,1626,10
p8030,unidentified translator (1),engraver,#E5986C,1626,10
p8031,unidentified translator (2),engraver,#E5986C,1626,10
p0159,Wenceslaus Hollar,engraver,#E5986C,1626,10
p0391,William Faithorne,engraver,#E5986C,1626,10
p0153,William Marshall,engraver,#E5986C,1626,10
p0158,Edmund Calamy,licenser,#E0E0E0,1626,10
p0176,John Downham,licenser,#E0E0E0,1626,10
p0405,John Rushworth,licenser,#E0E0E0,1626,10
p0517,Joseph de Pineda,licenser,#E0E0E0,1626,10
p0540,Matthew Clay,licenser,#E0E0E0,1626,10
p0154,Nathanael Brent,licenser,#E0E0E0,1626,10
p0147,Samuel Baker,licenser,#E0E0E0,1626,10
p0526,Thomas Browne,licenser,#E0E0E0,1626,10
p0529,Thomas Wykes,licenser,#E0E0E0,1626,10
p0043,Henry Lawes,musician,#E56F6C,1626,10
p0510,John Gamble,musician,#E56F6C,1626,10
p0280,John Jenkins,musician,#E56F6C,1626,10
p0240,William Lawes,musician,#E56F6C,1626,10
p0309,Andrew Crook,stationer,#F8F8F8,1626,10
p0273,Andrew Kemb,stationer,#F8F8F8,1626,10
p0173,Charles Greene,stationer,#F8F8F8,1626,10
p0314,Daniel Pakeman,stationer,#F8F8F8,1626,10
p0277,Edward Griffin,stationer,#F8F8F8,1626,10
p0329,George Badger,stationer,#F8F8F8,1626,10
p0596,George Miller,stationer,#F8F8F8,1626,10
p0331,George Sawbridge,stationer,#F8F8F8,1626,10
p0505,Henry Herringman,stationer,#F8F8F8,1626,10
p0336,Henry Hills,stationer,#F8F8F8,1626,10
p0267,Henry Seile,stationer,#F8F8F8,1626,10
p0591,Henry Twiford,stationer,#F8F8F8,1626,10
p0001,Humphrey Moseley,stationer,#F8F8F8,1626,10
p0117,Humphrey Robinson,stationer,#F8F8F8,1626,10
p0241,James Young,stationer,#F8F8F8,1626,10
p0341,Jaspar Emory,stationer,#F8F8F8,1626,10
p0423,John Clark,stationer,#F8F8F8,1626,10
p0509,John Crook,stationer,#F8F8F8,1626,10
p0174,John Dawson,stationer,#F8F8F8,1626,10
p0181,John Field,stationer,#F8F8F8,1626,10
p0511,John Haviland,stationer,#F8F8F8,1626,10
p0283,John Holden,stationer,#F8F8F8,1626,10
p0512,John Marriott,stationer,#F8F8F8,1626,10
p0351,John Meacock,stationer,#F8F8F8,1626,10
p0538,John Okes,stationer,#F8F8F8,1626,10
p0592,John Place,stationer,#F8F8F8,1626,10
p0286,John Stafford,stationer,#F8F8F8,1626,10
p0355,John Streater,stationer,#F8F8F8,1626,10
p0357,John Sweeting,stationer,#F8F8F8,1626,10
p0595,Joseph Nevill,stationer,#F8F8F8,1626,10
p0148,Leonard Lichfield,stationer,#F8F8F8,1626,10
p0411,Luke Fawne,stationer,#F8F8F8,1626,10
p0600,M. Bell,stationer,#F8F8F8,1626,10
p0541,Miles Flesher,stationer,#F8F8F8,1626,10
p0542,Nathaniel Butter,stationer,#F8F8F8,1626,10
p0370,Nathaniel Ekins,stationer,#F8F8F8,1626,10
p0172,Nicholas Fussell,stationer,#F8F8F8,1626,10
p0547,Nicholas Okes,stationer,#F8F8F8,1626,10
p0445,Octavian Pulleyn,stationer,#F8F8F8,1626,10
p0426,Peter de Pienne,stationer,#F8F8F8,1626,10
p8000,printer only identified by initials,stationer,#F8F8F8,1626,10
p0175,R. Martine,stationer,#F8F8F8,1626,10
p0586,Richard Bishop,stationer,#F8F8F8,1626,10
p0375,Richard Hodgkinson,stationer,#F8F8F8,1626,10
p0197,Richard Marriot,stationer,#F8F8F8,1626,10
p0376,Richard Royston,stationer,#F8F8F8,1626,10
p0377,Richard Tomlins,stationer,#F8F8F8,1626,10
p0242,Richard Wodenothe,stationer,#F8F8F8,1626,10
p0569,Robert Dawlman,stationer,#F8F8F8,1626,10
p0195,Robert Leybourn,stationer,#F8F8F8,1626,10
p0395,Roger Daniel,stationer,#F8F8F8,1626,10
p0295,Roger Norton,stationer,#F8F8F8,1626,10
p0177,Ruth Raworth,stationer,#F8F8F8,1626,10
p0485,Sarah Griffin,stationer,#F8F8F8,1626,10
p0178,Susan Islip,stationer,#F8F8F8,1626,10
p0524,Thomas Badger,stationer,#F8F8F8,1626,10
p0527,Thomas Cotes,stationer,#F8F8F8,1626,10
p0199,Thomas Dring,stationer,#F8F8F8,1626,10
p0299,Thomas Harper,stationer,#F8F8F8,1626,10
p0300,Thomas Heath,stationer,#F8F8F8,1626,10
p0435,Thomas Maxey,stationer,#F8F8F8,1626,10
p0269,Thomas Newcomb,stationer,#F8F8F8,1626,10
p0194,Thomas Robinson,stationer,#F8F8F8,1626,10
p0198,Thomas Roycroft,stationer,#F8F8F8,1626,10
p0225,Thomas Walkley,stationer,#F8F8F8,1626,10
p0407,Thomas Warren,stationer,#F8F8F8,1626,10
p0301,William Bentley,stationer,#F8F8F8,1626,10
p0568,William Godbid,stationer,#F8F8F8,1626,10
p0532,William Lee,stationer,#F8F8F8,1626,10
p0196,William Leybourn,stationer,#F8F8F8,1626,10
p0184,William Wilson,stationer,#F8F8F8,1626,10
p0324,Francis Gifford,translator,#72BDA8,1626,10
p0384,George Hills,translator,#72BDA8,1626,10
p0278,Henry Cogan,translator,#72BDA8,1626,10
p0337,Henry Holcroft,translator,#72BDA8,1626,10
p0561,James Hayward,translator,#72BDA8,1626,10
p0180,John Burbery,translator,#72BDA8,1626,10
p0344,John Davies,translator,#72BDA8,1626,10
p0155,Richard Drake,translator,#72BDA8,1626,10
p0382,Thomas Harvey,translator,#72BDA8,1626,10
p8032,unidentified translator (3),translator,#72BDA8,1626,10
p8033,unidentified translator (4),translator,#72BDA8,1626,10
p8034,unidentified translator (5),translator,#72BDA8,1626,10
p8035,unidentified translator (6),translator,#72BDA8,1626,10
p8036,unidentified translator (7),translator,#72BDA8,1626,10
p8037,unidentified translator (8),translator,#72BDA8,1626,10
p0271,A. Tounshend,writer,#28725E,1626,10
p0452,Abraham ben David,writer,#28725E,1626,10
p0002,Abraham Cowley,writer,#28725E,1626,10
p0537,Alexander Boyde,writer,#28725E,1626,10
p0206,Alexander Brome,writer,#28725E,1626,10
p0307,Alexander Gouche,writer,#28725E,1626,10
p0272,Alexander Gough,writer,#28725E,1626,10
p0005,Anthony Ascham,writer,#28725E,1626,10
p0310,Anthony Prissoe,writer,#28725E,1626,10
p0006,"António, Prior of Crato",writer,#28725E,1626,10
p0498,Arthur Lake,writer,#28725E,1626,10
p0274,Arthur Wilson,writer,#28725E,1626,10
p0202,Aston Cockayne,writer,#28725E,1626,10
p0451,Baldwin St. George,writer,#28725E,1626,10
p0608,Battista Guarini,writer,#28725E,1626,10
p0229,Ben Jonson,writer,#28725E,1626,10
p0046,Benjamin Hinton,writer,#28725E,1626,10
p0499,Benjamin Parry,writer,#28725E,1626,10
p0033,Carlos Garcia,writer,#28725E,1626,10
p0268,Charles Cotterell,writer,#28725E,1626,10
p0312,Charles Spilwater,writer,#28725E,1626,10
p0019,Christopher Lever,writer,#28725E,1626,10
p0597,Claudius Hollyband,writer,#28725E,1626,10
p0076,David Lloyd,writer,#28725E,1626,10
p0440,Decimus Magnus Ausonius,writer,#28725E,1626,10
p0571,Diego de San Pedro,writer,#28725E,1626,10
p0501,Dudley Posthumous Lovelace,writer,#28725E,1626,10
p0460,E. Mannying,writer,#28725E,1626,10
p0470,E. Nevill,writer,#28725E,1626,10
p0233,Edimeon Porter,writer,#28725E,1626,10
p0246,Edmund Chilmead,writer,#28725E,1626,10
p0038,Edmund Gregory,writer,#28725E,1626,10
p0097,Edmund Porter,writer,#28725E,1626,10
p0024,Edmund Reeve,writer,#28725E,1626,10
p0315,Edmund Swetenham,writer,#28725E,1626,10
p0316,Edmund Waller,writer,#28725E,1626,10
p0025,Edward Benlowes,writer,#28725E,1626,10
p0417,Edward Blount,writer,#28725E,1626,10
p0014,Edward Burles,writer,#28725E,1626,10
p0188,Edward Dering,writer,#28725E,1626,10
p0570,Edward Herbert,writer,#28725E,1626,10
p0318,Edward Hopton,writer,#28725E,1626,10
p0320,Edward Powel,writer,#28725E,1626,10
p0171,Edward Sherburne,writer,#28725E,1626,10
p0167,Edward Sparke,writer,#28725E,1626,10
p0321,Edward Wolley,writer,#28725E,1626,10
p0502,Eldred Revet,writer,#28725E,1626,10
p0503,Eleazar Robertson,writer,#28725E,1626,10
p0323,Eugenius Philalethes,writer,#28725E,1626,10
p0125,Famiano Strada,writer,#28725E,1626,10
p0066,Flavius Josephus,writer,#28725E,1626,10
p0443,Fra. Tuckyr,writer,#28725E,1626,10
p0572,Francesco Belbi,writer,#28725E,1626,10
p0018,Francesco Carmeni,writer,#28725E,1626,10
p0030,Francis Bacon,writer,#28725E,1626,10
p0028,Francis Beaumont,writer,#28725E,1626,10
p0399,Francis Finch,writer,#28725E,1626,10
p0325,Francis Hawkins,writer,#28725E,1626,10
p0029,Francis Quarles,writer,#28725E,1626,10
p0422,Francis Sambrooke,writer,#28725E,1626,10
p0400,Francis Vaughan,writer,#28725E,1626,10
p0102,Francisco de Quintana,writer,#28725E,1626,10
p0327,Fulgenzio Micanzio,writer,#28725E,1626,10
p0031,Gabriel Plattes,writer,#28725E,1626,10
p0328,Galen,writer,#28725E,1626,10
p0070,Gauthier de Costes,writer,#28725E,1626,10
p0224,George Buck,writer,#28725E,1626,10
p0036,George Chapman,writer,#28725E,1626,10
p0013,George Digby,writer,#28725E,1626,10
p0599,George Gascoigne,writer,#28725E,1626,10
p0330,George Hill,writer,#28725E,1626,10
p0157,George Lisle,writer,#28725E,1626,10
p0403,George Peele,writer,#28725E,1626,10
p0239,George Sandys,writer,#28725E,1626,10
p0332,George Walshe,writer,#28725E,1626,10
p0136,George. Thor.,writer,#28725E,1626,10
p0333,Georges de Scudery,writer,#28725E,1626,10
p0037,Gervase Markham,writer,#28725E,1626,10
p0081,Giovanni Battista Manzini,writer,#28725E,1626,10
p0334,Giovanni Francesco Biondi,writer,#28725E,1626,10
p0078,Giovanni Francesco Loredano,writer,#28725E,1626,10
p0098,Girolamo Preti,writer,#28725E,1626,10
p0010,Guido Bentivoglio,writer,#28725E,1626,10
p0462,H. Howard,writer,#28725E,1626,10
p0088,Heinrich Nolle,writer,#28725E,1626,10
p0168,Henry Carey,writer,#28725E,1626,10
p0279,Henry Davison,writer,#28725E,1626,10
p0026,Henry Estienne,writer,#28725E,1626,10
p0208,Henry Harington,writer,#28725E,1626,10
p0506,Henry Hexham,writer,#28725E,1626,10
p0042,Henry King,writer,#28725E,1626,10
p0200,Henry Mody,writer,#28725E,1626,10
p0138,Henry Valentine,writer,#28725E,1626,10
p0044,Henry Vaughan,writer,#28725E,1626,10
p0045,Henry Wotton,writer,#28725E,1626,10
p0047,Hippocrates,writer,#28725E,1626,10
p0137,Honoré d'Urfé,writer,#28725E,1626,10
p0494,Hugh Robinson,writer,#28725E,1626,10
p0039,Hugo Grotius,writer,#28725E,1626,10
p0507,Humphrey Sydenham,writer,#28725E,1626,10
p0186,Inigo Jones,writer,#28725E,1626,10
p0003,Isaac Allen,writer,#28725E,1626,10
p0557,Isaac Wake,writer,#28725E,1626,10
p0562,Isaac Wake,writer,#28725E,1626,10
p0471,Iz. Wa.,writer,#28725E,1626,10
p0486,J. Bastard,writer,#28725E,1626,10
p0472,J. Cobbe,writer,#28725E,1626,10
p0478,J. Harington,writer,#28725E,1626,10
p0563,J. Lawrence,writer,#28725E,1626,10
p0449,J. Pickering,writer,#28725E,1626,10
p0483,J. Rowland,writer,#28725E,1626,10
p0217,Jacobus Bernard,writer,#28725E,1626,10
p0032,Jacques Gaffarel,writer,#28725E,1626,10
p0050,James Howell,writer,#28725E,1626,10
p0508,James Mabbe,writer,#28725E,1626,10
p0282,James Ramsey,writer,#28725E,1626,10
p0051,James Shirley,writer,#28725E,1626,10
p0340,Jan van Heurne,writer,#28725E,1626,10
p0227,Jasper Maine,writer,#28725E,1626,10
p0420,Jean Puget de la Serre,writer,#28725E,1626,10
p0121,Jean-François Senault,writer,#28725E,1626,10
p0265,Jeremy Collier,writer,#28725E,1626,10
p0481,Jo. Bradford,writer,#28725E,1626,10
p0461,Jo. Cary,writer,#28725E,1626,10
p0015,Johann Buxtorf,writer,#28725E,1626,10
p0342,John Arrowsmith,writer,#28725E,1626,10
p0343,John Baptist Cartolari,writer,#28725E,1626,10
p0193,John Berkenhead,writer,#28725E,1626,10
p0053,John Bird,writer,#28725E,1626,10
p0183,John Birkenhead,writer,#28725E,1626,10
p0054,John Borough,writer,#28725E,1626,10
p0169,John Bulwer,writer,#28725E,1626,10
p0418,John Coles,writer,#28725E,1626,10
p0055,John Collop,writer,#28725E,1626,10
p0056,John Cotgrave,writer,#28725E,1626,10
p0419,John Crosbie,writer,#28725E,1626,10
p0394,John Davis,writer,#28725E,1626,10
p0057,John Denham,writer,#28725E,1626,10
p0058,John Donne,writer,#28725E,1626,10
p0226,John Earle,writer,#28725E,1626,10
p0345,John Evelyn,writer,#28725E,1626,10
p0260,John Fell,writer,#28725E,1626,10
p0189,John Finch,writer,#28725E,1626,10
p0059,John Fletcher,writer,#28725E,1626,10
p0457,John Gauden,writer,#28725E,1626,10
p0428,John Gough,writer,#28725E,1626,10
p0480,John Hall,writer,#28725E,1626,10
p0207,John Harris,writer,#28725E,1626,10
p0381,John Hockenbull,writer,#28725E,1626,10
p0346,John Jeffryes,writer,#28725E,1626,10
p0347,John Jennings,writer,#28725E,1626,10
p0187,John Leigh,writer,#28725E,1626,10
p0284,John Lowin,writer,#28725E,1626,10
p0350,John Massinger,writer,#28725E,1626,10
p0060,John Milton,writer,#28725E,1626,10
p0513,John Murray,writer,#28725E,1626,10
p0352,John Perch,writer,#28725E,1626,10
p0353,John Pettus,writer,#28725E,1626,10
p0061,John Philipot,writer,#28725E,1626,10
p0062,John Quarles,writer,#28725E,1626,10
p0105,John Raymond,writer,#28725E,1626,10
p0514,John Redmayne,writer,#28725E,1626,10
p0397,John Rhodes,writer,#28725E,1626,10
p0218,John Rosse,writer,#28725E,1626,10
p0285,John Saint Armad,writer,#28725E,1626,10
p0063,John Suckling,writer,#28725E,1626,10
p0516,John Tatham,writer,#28725E,1626,10
p0064,John Webster,writer,#28725E,1626,10
p0216,John Whiting,writer,#28725E,1626,10
p0518,Joseph Hall,writer,#28725E,1626,10
p0257,Joseph Howe,writer,#28725E,1626,10
p0456,Joseph Howe,writer,#28725E,1626,10
p0164,Joseph Rutter,writer,#28725E,1626,10
p0358,Joseph Taylor,writer,#28725E,1626,10
p0067,Josias Shute,writer,#28725E,1626,10
p0068,Juan de Santa Maria,writer,#28725E,1626,10
p0593,Juan Eusebio Nieremberg,writer,#28725E,1626,10
p0101,Juan Pérez de Montalbán,writer,#28725E,1626,10
p0075,Justus Lipsius,writer,#28725E,1626,10
p0069,Juvenal,writer,#28725E,1626,10
p0235,Katherine Villiers,writer,#28725E,1626,10
p0185,Kenelm Digby,writer,#28725E,1626,10
p0473,L. Lluelin,writer,#28725E,1626,10
p0073,Lancelot Andrewes,writer,#28725E,1626,10
p0362,Lancelot Thetford,writer,#28725E,1626,10
p0558,Leonard Lawrence,writer,#28725E,1626,10
p0364,Leonhart Fuchsius,writer,#28725E,1626,10
p0074,Levinus Lemnius,writer,#28725E,1626,10
p0077,Lodowick Carlell,writer,#28725E,1626,10
p0008,Luca Assarino,writer,#28725E,1626,10
p0122,Lucius Annaeus Seneca,writer,#28725E,1626,10
p0288,Ludovico a Kinschot,writer,#28725E,1626,10
p0017,Luís de Camões,writer,#28725E,1626,10
p0575,M. de Vaumorière,writer,#28725E,1626,10
p0118,Maciej Kazimierz Sarbiewski,writer,#28725E,1626,10
p0120,Madeleine de Scudéry,writer,#28725E,1626,10
p0071,Marin Cureau de La Chambre,writer,#28725E,1626,10
p0367,Martin Lluellen,writer,#28725E,1626,10
p0262,Matthew Smalwood,writer,#28725E,1626,10
p0079,Michael Maier,writer,#28725E,1626,10
p0135,Michael Thomas,writer,#28725E,1626,10
p0455,Nath. Richards.,writer,#28725E,1626,10
p0086,Nathaniel Whiting,writer,#28725E,1626,10
p0543,Nicholas Darton,writer,#28725E,1626,10
p0545,Nicholas Hunt,writer,#28725E,1626,10
p0546,Nicholas Mosley,writer,#28725E,1626,10
p0087,Nicholas Murford,writer,#28725E,1626,10
p0444,Nicholas Robinson,writer,#28725E,1626,10
p0253,Nicholas Toll,writer,#28725E,1626,10
p0488,Norreys Jephson,writer,#28725E,1626,10
p0590,Olaus Magnus,writer,#28725E,1626,10
p0251,Owen Barne,writer,#28725E,1626,10
p0090,Paolo Paruta,writer,#28725E,1626,10
p0446,Paolo Sarpi,writer,#28725E,1626,10
p0548,Patrick Hannay,writer,#28725E,1626,10
p0447,Peter Hausted,writer,#28725E,1626,10
p0091,Peter Heylyn,writer,#28725E,1626,10
p0448,Ph. Frowde,writer,#28725E,1626,10
p0093,"Philip IV, King of Spain",writer,#28725E,1626,10
p0094,Philip Massinger,writer,#28725E,1626,10
p0020,Pierre Corneille,writer,#28725E,1626,10
p0387,Pierre de Cardonnel,writer,#28725E,1626,10
p0096,Pierre Du Moulin,writer,#28725E,1626,10
p0459,Pierre Du Ryer,writer,#28725E,1626,10
p0034,Pierre Gassendi,writer,#28725E,1626,10
p0100,Procopius,writer,#28725E,1626,10
p9999,pseudonym,writer,#28725E,1626,10
p0454,R. Baker,writer,#28725E,1626,10
p0565,R. Bride-oake,writer,#28725E,1626,10
p0474,R. Hill,writer,#28725E,1626,10
p0566,R. Knowles,writer,#28725E,1626,10
p0475,R. Mason,writer,#28725E,1626,10
p0261,Ralph Bathurst,writer,#28725E,1626,10
p0103,Ralph Maddison,writer,#28725E,1626,10
p0250,Ralph Piggot,writer,#28725E,1626,10
p0104,Raphael Thorius,writer,#28725E,1626,10
p0023,René Descartes,writer,#28725E,1626,10
p0106,Richard Brome,writer,#28725E,1626,10
p0228,Richard Corbet,writer,#28725E,1626,10
p0107,Richard Crashaw,writer,#28725E,1626,10
p0374,Richard Fanshaw,writer,#28725E,1626,10
p0108,Richard Gardiner,writer,#28725E,1626,10
p0259,Richard Goodridge,writer,#28725E,1626,10
p0291,Richard Iles,writer,#28725E,1626,10
p0109,Richard Ligon,writer,#28725E,1626,10
p0203,Richard Lovelace,writer,#28725E,1626,10
p0551,Richard Lovelace,writer,#28725E,1626,10
p0589,Richard Rawlins,writer,#28725E,1626,10
p0552,Richard Sibbes,writer,#28725E,1626,10
p0141,Richard Whitlock,writer,#28725E,1626,10
p0554,Richard Zouch,writer,#28725E,1626,10
p0555,Robert Allen,writer,#28725E,1626,10
p0007,Robert Arnauld d'Andilly,writer,#28725E,1626,10
p0161,Robert Ashley,writer,#28725E,1626,10
p0110,Robert Baron,writer,#28725E,1626,10
p0111,Robert Filmer,writer,#28725E,1626,10
p0112,Robert Fludd,writer,#28725E,1626,10
p0258,Robert Gardiner,writer,#28725E,1626,10
p0113,Robert Gentilis,writer,#28725E,1626,10
p0114,Robert Heath,writer,#28725E,1626,10
p0230,Robert Herrick,writer,#28725E,1626,10
p0383,Robert Hills,writer,#28725E,1626,10
p0294,Robert Jager,writer,#28725E,1626,10
p0379,Robert Mossom,writer,#28725E,1626,10
p0116,Robert Sanderson,writer,#28725E,1626,10
p0156,Robert Stapleton,writer,#28725E,1626,10
p0380,Robert Thorowgood,writer,#28725E,1626,10
p0192,Robert Waring,writer,#28725E,1626,10
p0089,Roger Boyle,writer,#28725E,1626,10
p0205,Roger L'Estrange,writer,#28725E,1626,10
p0296,Roger Twisden,writer,#28725E,1626,10
p0584,Sa. Rutter,writer,#28725E,1626,10
p0432,Samson Lennard,writer,#28725E,1626,10
p0587,Samuel Lee,writer,#28725E,1626,10
p0082,Scipione Mazzella,writer,#28725E,1626,10
p0433,Sidney Godolphin,writer,#28725E,1626,10
p0385,Sir John Pettus,writer,#28725E,1626,10
p0388,T. Benlowes,writer,#28725E,1626,10
p0463,T. Palmer,writer,#28725E,1626,10
p0484,T. Powell,writer,#28725E,1626,10
p0127,Theocritus,writer,#28725E,1626,10
p0190,Thomas Baines,writer,#28725E,1626,10
p0525,Thomas Baldwin,writer,#28725E,1626,10
p0128,Thomas Barker,writer,#28725E,1626,10
p0129,Thomas Blount,writer,#28725E,1626,10
p0130,Thomas Carew,writer,#28725E,1626,10
p0298,Thomas Cole,writer,#28725E,1626,10
p0022,Thomas De Grey,writer,#28725E,1626,10
p0491,Thomas Diconfon.,writer,#28725E,1626,10
p0027,Thomas Fettiplace,writer,#28725E,1626,10
p0528,Thomas Gage,writer,#28725E,1626,10
p0408,Thomas Lancaster,writer,#28725E,1626,10
p0255,Thomas Leech,writer,#28725E,1626,10
p0179,Thomas May,writer,#28725E,1626,10
p0131,Thomas Middleton,writer,#28725E,1626,10
p0496,Thomas More,writer,#28725E,1626,10
p0252,Thomas Parkin,writer,#28725E,1626,10
p0424,"Thomas Parkin, Jr.",writer,#28725E,1626,10
p0389,Thomas Pestill,writer,#28725E,1626,10
p0201,Thomas Peyton,writer,#28725E,1626,10
p0263,Thomas Phillipot,writer,#28725E,1626,10
p0232,Thomas Reeve,writer,#28725E,1626,10
p0560,Thomas Revell,writer,#28725E,1626,10
p0401,Thomas Severne,writer,#28725E,1626,10
p0132,Thomas Stanley,writer,#28725E,1626,10
p0254,Thomas Toll,writer,#28725E,1626,10
p0133,Thomas Vaughan,writer,#28725E,1626,10
p0134,Thomas Washbourn,writer,#28725E,1626,10
p0210,Thomas Wortley,writer,#28725E,1626,10
p0016,Traiano Boccalini,writer,#28725E,1626,10
p0465,Traiano Boccalini,writer,#28725E,1626,10
p8038,unidentified writer (1),writer,#28725E,1626,10
p8039,unidentified writer (2),writer,#28725E,1626,10
p8040,unidentified writer (3),writer,#28725E,1626,10
p8041,unidentified writer (4),writer,#28725E,1626,10
p8042,unidentified writer (5),writer,#28725E,1626,10
p8043,unidentified writer (6),writer,#28725E,1626,10
p8044,unidentified writer (7),writer,#28725E,1626,10
p8045,unidentified writer (8),writer,#28725E,1626,10
p8046,unidentified writer (9),writer,#28725E,1626,10
p8047,unidentified writer (10),writer,#28725E,1626,10
p8048,unidentified writer (11),writer,#28725E,1626,10
p8049,unidentified writer (12),writer,#28725E,1626,10
p8050,unidentified writer (13),writer,#28725E,1626,10
p8051,unidentified writer (14),writer,#28725E,1626,10
p8052,unidentified writer (15),writer,#28725E,1626,10
p8053,unidentified writer (16),writer,#28725E,1626,10
p8054,unidentified writer (17),writer,#28725E,1626,10
p8055,unidentified writer (18),writer,#28725E,1626,10
p8056,unidentified writer (19),writer,#28725E,1626,10
p8057,unidentified writer (20),writer,#28725E,1626,10
p8058,unidentified writer (21),writer,#28725E,1626,10
p8059,unidentified writer (22),writer,#28725E,1626,10
p8060,unidentified writer (23),writer,#28725E,1626,10
p8061,unidentified writer (24),writer,#28725E,1626,10
p8062,unidentified writer (25),writer,#28725E,1626,10
p8063,unidentified writer (26),writer,#28725E,1626,10
p8064,unidentified writer (27),writer,#28725E,1626,10
p8065,unidentified writer (28),writer,#28725E,1626,10
p8066,unidentified writer (29),writer,#28725E,1626,10
p8067,unidentified writer (30),writer,#28725E,1626,10
p8068,unidentified writer (31),writer,#28725E,1626,10
p8069,unidentified writer (32),writer,#28725E,1626,10
p8070,unidentified writer (33),writer,#28725E,1626,10
p8071,unidentified writer (34),writer,#28725E,1626,10
p8072,unidentified writer (35),writer,#28725E,1626,10
p8073,unidentified writer (36),writer,#28725E,1626,10
p8074,unidentified writer (37),writer,#28725E,1626,10
p8075,unidentified writer (38),writer,#28725E,1626,10
p8076,unidentified writer (39),writer,#28725E,1626,10
p8077,unidentified writer (40),writer,#28725E,1626,10
p8078,unidentified writer (41),writer,#28725E,1626,10
p8079,unidentified writer (42),writer,#28725E,1626,10
p8080,unidentified writer (43),writer,#28725E,1626,10
p8081,unidentified writer (44),writer,#28725E,1626,10
p8082,unidentified writer (45),writer,#28725E,1626,10
p8083,unidentified writer (46),writer,#28725E,1626,10
p8084,unidentified writer (47),writer,#28725E,1626,10
p8085,unidentified writer (48),writer,#28725E,1626,10
p8086,unidentified writer (49),writer,#28725E,1626,10
p8087,unidentified writer (50),writer,#28725E,1626,10
p8088,unidentified writer (51),writer,#28725E,1626,10
p8089,unidentified writer (52),writer,#28725E,1626,10
p8090,unidentified writer (53),writer,#28725E,1626,10
p8091,unidentified writer (54),writer,#28725E,1626,10
p8092,unidentified writer (55),writer,#28725E,1626,10
p8093,unidentified writer (56),writer,#28725E,1626,10
p8094,unidentified writer (57),writer,#28725E,1626,10
p8095,unidentified writer (58),writer,#28725E,1626,10
p8096,unidentified writer (59),writer,#28725E,1626,10
p8097,unidentified writer (60),writer,#28725E,1626,10
p8098,unidentified writer (61),writer,#28725E,1626,10
p8099,unidentified writer (62),writer,#28725E,1626,10
p8100,unidentified writer (63),writer,#28725E,1626,10
p8101,unidentified writer (64),writer,#28725E,1626,10
p8102,unidentified writer (65),writer,#28725E,1626,10
p8103,unidentified writer (66),writer,#28725E,1626,10
p8104,unidentified writer (67),writer,#28725E,1626,10
p8105,unidentified writer (68),writer,#28725E,1626,10
p8106,unidentified writer (69),writer,#28725E,1626,10
p8107,unidentified writer (70),writer,#28725E,1626,10
p8108,unidentified writer (71),writer,#28725E,1626,10
p8109,unidentified writer (72),writer,#28725E,1626,10
p8110,unidentified writer (73),writer,#28725E,1626,10
p8111,unidentified writer (74),writer,#28725E,1626,10
p8112,unidentified writer (75),writer,#28725E,1626,10
p8113,unidentified writer (76),writer,#28725E,1626,10
p8114,unidentified writer (77),writer,#28725E,1626,10
p8115,unidentified writer (78),writer,#28725E,1626,10
p8116,unidentified writer (79),writer,#28725E,1626,10
p8117,unidentified writer (80),writer,#28725E,1626,10
p8118,unidentified writer (81),writer,#28725E,1626,10
p8119,unidentified writer (82),writer,#28725E,1626,10
p8120,unidentified writer (83),writer,#28725E,1626,10
p8121,unidentified writer (84),writer,#28725E,1626,10
p8122,unidentified writer (85),writer,#28725E,1626,10
p8123,unidentified writer (86),writer,#28725E,1626,10
p8124,unidentified writer (87),writer,#28725E,1626,10
p8125,unidentified writer (88),writer,#28725E,1626,10
p8126,unidentified writer (89),writer,#28725E,1626,10
p8127,unidentified writer (90),writer,#28725E,1626,10
p8128,unidentified writer (91),writer,#28725E,1626,10
p8129,unidentified writer (92),writer,#28725E,1626,10
p8130,unidentified writer (93),writer,#28725E,1626,10
p8131,unidentified writer (94),writer,#28725E,1626,10
p8132,unidentified writer (95),writer,#28725E,1626,10
p8133,unidentified writer (96),writer,#28725E,1626,10
p8134,unidentified writer (97),writer,#28725E,1626,10
p8135,unidentified writer (98),writer,#28725E,1626,10
p8136,unidentified writer (99),writer,#28725E,1626,10
p8137,unidentified writer (100),writer,#28725E,1626,10
p8138,unidentified writer (101),writer,#28725E,1626,10
p8139,unidentified writer (102),writer,#28725E,1626,10
p8140,unidentified writer (103),writer,#28725E,1626,10
p8141,unidentified writer (104),writer,#28725E,1626,10
p8142,unidentified writer (105),writer,#28725E,1626,10
p8143,unidentified writer (106),writer,#28725E,1626,10
p8144,unidentified writer (107),writer,#28725E,1626,10
p0139,Virgil,writer,#28725E,1626,10
p0080,Virgilio Malvezzi,writer,#28725E,1626,10
p0476,W. Barker,writer,#28725E,1626,10
p0464,W. Dennie,writer,#28725E,1626,10
p0482,W. Skynner,writer,#28725E,1626,10
p0477,W. Waring,writer,#28725E,1626,10
p0530,Walter Lyndesay,writer,#28725E,1626,10
p0264,Walter Montague,writer,#28725E,1626,10
p0140,Walter Ralegh,writer,#28725E,1626,10
p0402,William Bell,writer,#28725E,1626,10
p0406,William Brouncker,writer,#28725E,1626,10
p0142,William Cartwright,writer,#28725E,1626,10
p0191,William Creed,writer,#28725E,1626,10
p0123,William Davenant,writer,#28725E,1626,10
p0035,William Gay,writer,#28725E,1626,10
p0204,William Habington,writer,#28725E,1626,10
p0248,William Hinton,writer,#28725E,1626,10
p0533,William Lithgow,writer,#28725E,1626,10
p0215,William Purifey Redor,writer,#28725E,1626,10
p0436,William Rand,writer,#28725E,1626,10
p0535,William Rawley,writer,#28725E,1626,10
p0305,William Rowley,writer,#28725E,1626,10
p0143,William Sanderson,writer,#28725E,1626,10
p0534,William Sclater,writer,#28725E,1626,10
p0303,William Stanton,writer,#28725E,1626,10
p0412,William Towers,writer,#28725E,1626,10
p0490,Wolferstone,writer,#28725E,1626,10